{
  "obj_func_coffs": [
    0.502274438094311,
    0.08075615697853888,
    0.5939455643353209,
    0.6016641464034415,
    0.4760767059385358,
    0.4161874461359908,
    0.7413699972521175,
    0.703484132653481,
    0.4142174769788677,
    0.8580654342869851
  ],
  "constraint_system_lhs": [
    [
      0.7027362754060863,
      0.7966536251577189,
      0.36745616205947607,
      0.12413211361970178,
      0.19619224949007807,
      0.2875757121577459,
      0.22045883152925794,
      0.9818619428794477,
      0.3399821513835547,
      0.3631051594357583
    ],
    [
      0.7111028279838466,
      0.9235707240483813,
      0.1839261251142984,
      0.012045733299345884,
      0.7017245670926302,
      0.1585561193855035,
      0.02973889347398906,
      0.6560320928983764,
      0.35657752884158456,
      0.5016794621822467
    ],
    [
      0.5927199551257548,
      0.11591857148255458,
      0.5496443185012021,
      0.07663901960482711,
      0.6319491713250706,
      0.18583646415462263,
      0.9516936959978295,
      0.43050863690706453,
      0.20734129833807202,
      0.593054422809829
    ],
    [
      0.3547166131377075,
      0.715976332863556,
      0.642301986100654,
      0.4055489341873493,
      0.6809800377012507,
      0.6434215512261434,
      0.31839304163975113,
      0.23152110964336625,
      0.4017451114497429,
      0.9089690965426283
    ],
    [
      0.5115641045059119,
      0.8174119138496722,
      0.04179098521298685,
      0.3974586798813813,
      0.7973713826722768,
      0.4239717932090502,
      0.5884225886340775,
      0.5328501373283046,
      0.8171422226165972,
      0.18733457468552683
    ],
    [
      0.7698381487960382,
      0.7664778109765632,
      0.7045619162357464,
      0.16461455824453242,
      0.4829143299859632,
      0.8432545244759029,
      0.4317826374291669,
      0.7123993902487962,
      0.01566066718919923,
      0.5785812239248526
    ],
    [
      0.4674879782679199,
      0.8935937352989674,
      0.917135411202165,
      0.33174794535764884,
      0.03292595699675549,
      0.5267591608926203,
      0.016852149719291387,
      0.5012328788341904,
      0.24197727271068914,
      0.9633679566712575
    ],
    [
      0.09201339987069557,
      0.012552041063349617,
      0.2265046185166436,
      0.4062577739666212,
      0.772828215977825,
      0.37420198489839895,
      0.7688868094464745,
      0.23864306458975315,
      0.5807784613715252,
      0.5146758204178216
    ],
    [
      0.466698604247762,
      0.5090402927286893,
      0.503664041301388,
      0.7670201135921577,
      0.5158897232833943,
      0.9074394706005751,
      0.9590203637941308,
      0.9690416822059377,
      0.9491688085246437,
      0.09095482316569925
    ],
    [
      0.07288983068082233,
      0.728848874693769,
      0.383110653105448,
      0.26820677416535665,
      0.9039005918761029,
      0.9428443541520541,
      0.22701407906943905,
      0.12230065423931458,
      0.18142656977625848,
      0.9145636354392431
    ]
  ],
  "constraint_system_rhs": [
    0.23228204783133366,
    0.48349417677182294,
    0.08960146101911559,
    0.06703329793764079,
    0.1259666751896129,
    0.4061277487143803,
    0.9982955740197231,
    0.6113676862513807,
    0.15826999718983048,
    0.31861974121771397
  ],
  "func_direction": "max"
}