{
  "obj_func_coffs": [
    0.9550124280147061,
    0.6017291531836154,
    0.42101869725308605,
    0.39956609936447174,
    0.9162465803568992
  ],
  "constraint_system_lhs": [
    [
      0.17503433236461252,
      0.9194889314613484,
      0.5006123762062991,
      0.9868991216857363,
      0.6877327740506356
    ],
    [
      0.7357567936295974,
      0.8216789966551568,
      0.42376340109464194,
      0.24123208571234267,
      0.41451620433614944
    ],
    [
      0.1370415161402343,
      0.8004752827331746,
      0.6004436523675304,
      0.09977224394798567,
      0.47921131546892737
    ],
    [
      0.3962785981679764,
      0.472373153403581,
      0.4492977390586522,
      0.34141784533478203,
      0.9197241467808666
    ],
    [
      0.9495097686615387,
      0.7450729396762628,
      0.14141578464351656,
      0.5348945971307564,
      0.8178335354193214
    ]
  ],
  "constraint_system_rhs": [
    0.4885663256935505,
    0.39896705344313577,
    0.5591485070281207,
    0.09232556178729245,
    0.07927785762266282
  ],
  "func_direction": "max"
}