{
  "obj_func_coffs": [
    0.9577912643839342,
    0.5434325449169968,
    0.5491447294117404,
    0.6744135053633165,
    0.04771399078486516,
    0.8175650967114749,
    0.041320574252338926,
    0.2931116720880499,
    0.822683094642199,
    0.8389586987487332,
    0.3814707881771785,
    0.779410621211914,
    0.24106652815992213,
    0.7557682950321851,
    0.3661793910445653,
    0.5874051287768707,
    0.8474299787505706,
    0.5905575352366745,
    0.5634669834351137,
    0.8290329157188052,
    0.5854984565748591,
    0.993659190192627,
    0.3149571791526068,
    0.720594031102104,
    0.584145732622951
  ],
  "constraint_system_lhs": [
    [
      0.09160798025235561,
      0.813939460224891,
      0.31278149834033087,
      0.06302265676634233,
      0.01359016573671945,
      0.5077246030182837,
      0.6897760094773433,
      0.862622521078986,
      0.896216851903968,
      0.4908212552577096,
      0.9879169824842962,
      0.1067913268113988,
      0.6280325598549729,
      0.32429979064992176,
      0.029055997119879495,
      0.5268361005849664,
      0.5072936908753762,
      0.46170973492702994,
      0.6528561511857894,
      0.3979926298569696,
      0.5655552290782779,
      0.30883019905624254,
      0.6067727219186044,
      0.9638521452049014,
      0.5491889501038053
    ],
    [
      0.33681288150699795,
      0.5867518002353805,
      0.03267598219436041,
      0.8641691106484396,
      0.6079354517128134,
      0.6778242828137665,
      0.46017456357163655,
      0.2563611773153679,
      0.2013884067823164,
      0.797527147770224,
      0.8101101217803467,
      0.39640575794173893,
      0.8020817637651252,
      0.45914633515484693,
      0.7682883438172772,
      0.14678004797656807,
      0.21333244968550624,
      0.23657437283516336,
      0.3025926598183055,
      0.6661294124131177,
      0.046297414881425136,
      0.2700966581251212,
      0.8861175512437549,
      0.24527107023923378,
      0.5566042048316096
    ],
    [
      0.009949628444708591,
      0.88366430418603,
      0.5101574083318143,
      0.0690170654789124,
      0.4261337839926419,
      0.9508157302693993,
      0.9719740287829572,
      0.9915069256325947,
      0.5430640579601994,
      0.9390475009378932,
      0.2230497466146063,
      0.19233088060188652,
      0.021049972328039734,
      0.6624039631095916,
      0.622141789987392,
      0.27619639741910684,
      0.7019169024091249,
      0.31368870604296895,
      0.5948690106848943,
      0.5785649838477841,
      0.0017025727542041569,
      0.7226475495481046,
      0.05032359448954182,
      0.5679485623472526,
      0.37956055524702637
    ],
    [
      0.6525661840728334,
      0.5467865559672187,
      0.8906527937715693,
      0.8347111930686305,
      0.08440341895739245,
      0.7875734275020158,
      0.21181160387449072,
      0.5847731817167905,
      0.32049643801308536,
      0.4965955584889872,
      0.8139700040605659,
      0.6264970295831662,
      0.6409686222416185,
      0.11244701990411499,
      0.7998133248817613,
      0.828376116124091,
      0.8012300259865844,
      0.17672661072089457,
      0.594122508694895,
      0.2631005566182739,
      0.4607519881856589,
      0.6261563355672277,
      0.33676676951130025,
      0.3806538980135913,
      0.19223357965481636
    ],
    [
      0.994211036077506,
      0.2208299967175229,
      0.5276343030345846,
      0.4552105311250987,
      0.19277927200994904,
      0.47715224768375275,
      0.2725992658022959,
      0.7253288602904155,
      0.10110139303077093,
      0.5707401791196147,
      0.8811086447516608,
      0.7241312987677754,
      0.4963035409772114,
      0.638466500550611,
      0.2855204229664128,
      0.6678086950872233,
      0.29930783111602477,
      0.46299640299964384,
      0.8996633892287333,
      0.2969653386012576,
      0.49564787438992985,
      0.7117042470737621,
      0.5578489596317734,
      0.7501868330628951,
      0.003618012288427286
    ],
    [
      0.3945027295316378,
      0.5307464118426423,
      0.9029418113675062,
      0.7021963106797311,
      0.0563835787689706,
      0.3946172571972786,
      0.8086317941842761,
      0.11280530306860037,
      0.8651421219891767,
      0.9310796258942957,
      0.46213142621668235,
      0.3340489700064627,
      0.5276402674251827,
      0.9403348588374139,
      0.5510699116956924,
      0.4300470734471842,
      0.7142695636521104,
      0.8534250112194294,
      0.5264464542013769,
      0.17610009801251658,
      0.8391506377583491,
      0.8072468456705422,
      0.7641516754104681,
      0.6148725495425074,
      0.6088751300466765
    ],
    [
      0.9113548598919677,
      0.9153090324737556,
      0.17019944932382203,
      0.40661891426133767,
      0.7043444754591539,
      0.914817441918795,
      0.5821100987373158,
      0.5474523867316984,
      0.9443192857437042,
      0.9534722644982341,
      0.7328113823061545,
      0.9268431069103892,
      0.3337028877944367,
      0.6776360650459716,
      0.5861013513392899,
      0.5404106663125783,
      0.9518870456744167,
      0.23447617016666533,
      0.4394325823590146,
      0.41654308184490907,
      0.9197053150955439,
      0.7171946386604064,
      0.527610156429062,
      0.5809409924435849,
      0.9110196784131531
    ],
    [
      0.14679900533941104,
      0.8378801993301644,
      0.2843986832209452,
      0.4244104920133013,
      0.47471390502618205,
      0.11088392050011864,
      0.44221867413294125,
      0.11917400364878605,
      0.4546634500670872,
      0.31601699110799586,
      0.8301749560463344,
      0.802534043429788,
      0.4261482439551434,
      0.0480118953976042,
      0.8680783569236585,
      0.971505634695881,
      0.6088307571214223,
      0.3573449390476199,
      0.20292372513649737,
      0.40764239387159584,
      0.47297436051776853,
      0.669054814776892,
      0.23975679913255843,
      0.14503847493737532,
      0.024921718409864124
    ],
    [
      0.08237891195757396,
      0.05122490892885245,
      0.5498836771959187,
      0.7841769232157835,
      0.50898961644656,
      0.5037427665259111,
      0.3981918462872637,
      0.07900538782241695,
      0.7757313286688103,
      0.08893994952735373,
      0.5467286677029342,
      0.7952630560535209,
      0.7959473087493875,
      0.7497205583966697,
      0.16003114248313088,
      0.7227185681677385,
      0.21069545033806591,
      0.5183196114213947,
      0.6123084222674549,
      0.09618786048864525,
      0.6528088875610758,
      0.6208108658334501,
      0.12280970918286849,
      0.16858779685012504,
      0.6643981703163154
    ],
    [
      0.3562695688539891,
      0.5524557042473257,
      0.19789706434430376,
      0.6890684072192582,
      0.6561419432500872,
      0.28010579507414024,
      0.21064162123521202,
      0.3401944994053646,
      0.8427721044478377,
      0.27567949306346584,
      0.4936810371094412,
      0.30410598052710247,
      0.7028480497657064,
      0.33541670131763235,
      0.5124187634030205,
      0.26338955930473096,
      0.6817386663783633,
      0.11475381649330452,
      0.32151319297412506,
      0.8502244173297496,
      0.2932695829201989,
      0.20679987627144936,
      0.2918290237374319,
      0.8547002856408225,
      0.503535150091003
    ],
    [
      0.978311350714809,
      0.007336657782538336,
      0.7403434558425377,
      0.3838727865712256,
      0.9600240113922341,
      0.9390095659220837,
      0.7387535532902958,
      0.9682478742428545,
      0.637170685243086,
      0.7897714302305806,
      0.03518776375825272,
      0.8041610710874608,
      0.23875460669573456,
      0.760276117517776,
      0.6181662853199369,
      0.227766496657533,
      0.29523725157583625,
      0.049245700293561345,
      0.10226669063605065,
      0.12264269586275167,
      0.3765634674753504,
      0.6100866624055135,
      0.6442409089198247,
      0.0377518811726395,
