{
  "obj_func_coffs": [
    0.3234159694416118,
    0.27052822046032765,
    0.10122761288028337,
    0.8664498812223237,
    0.8615192609682368,
    0.18141748826116966,
    0.6999029628805904,
    0.8263077858124506,
    0.7250440926361101,
    0.19680450152530582
  ],
  "constraint_system_lhs": [
    [
      0.707659882157062,
      0.5557547987271002,
      0.13371572815407717,
      0.21759837689434158,
      0.6832330844533675,
      0.7834976259899623,
      0.4442189637232008,
      0.366356417202262,
      0.817701497633603,
      0.191563975585048
    ],
    [
      0.27345733470182987,
      0.6760280118697974,
      0.8761747232595466,
      0.8295499264718555,
      0.7290207887934491,
      0.5739159974151734,
      0.6049749623675205,
      0.45646696385553376,
      0.7722975806565141,
      0.3292671644547095
    ],
    [
      0.31850052788771055,
      0.8246167261528208,
      0.7097324224671967,
      0.7606230865804181,
      0.7790340932364499,
      0.423385740382766,
      0.4554416259752332,
      0.3901104896695048,
      0.3515945338603077,
      0.9037675559673058
    ],
    [
      0.5926684293542265,
      0.665276889476006,
      0.7032950191693857,
      0.31114235045601224,
      0.6494604118211537,
      0.024778405821454408,
      0.1239675484464654,
      0.643796940845361,
      0.4420943684230447,
      0.25093897580802316
    ],
    [
      0.24530622637952681,
      0.8816593845667869,
      0.17561947011512524,
      0.6156905021958853,
      0.023299776307143638,
      0.21341562472684883,
      0.46246002888923843,
      0.5994372495688153,
      0.525910527358334,
      0.7259316145874545
    ],
    [
      0.9547277379002802,
      0.6230233212600924,
      0.6451947954319971,
      0.04340685235170527,
      0.3336231003847798,
      0.8510074734353164,
      0.3742235930135699,
      0.26380366187018667,
      0.3587214195219285,
      0.9967275468471497
    ],
    [
      0.8300912809310419,
      0.45749817165843687,
      0.5897944108279712,
      0.470434913591797,
      0.07183457890055267,
      0.6445345487105258,
      0.13665482802899032,
      0.6934650750073852,
      0.6269769566636522,
      0.969472720779316
    ],
    [
      0.1451124789167032,
      0.012114720197637707,
      0.3698288888147281,
      0.5984944888397096,
      0.7402094534529822,
      0.0875498570532609,
      0.3491021275341589,
      0.727735000935418,
      0.923917603554714,
      0.5127704041363081
    ],
    [
      0.5967844681365619,
      0.29638811605954196,
      0.5301446240109103,
      0.5027572924017351,
      0.5758677597560748,
      0.15132762675825318,
      0.6974123623949728,
      0.20577415870444082,
      0.7888756436437421,
      0.49239920509980206
    ],
    [
      0.11923713899269273,
      0.8463288102493319,
      0.8074904067169386,
      0.42231763822374146,
      0.9510031224599806,
      0.861688145783331,
      0.928267317436193,
      0.3321098066868273,
      0.4024969668873849,
      0.1126521080970484
    ]
  ],
  "constraint_system_rhs": [
    0.48497193734328936,
    0.4288030930012209,
    0.5029802045919585,
    0.9569373472505271,
    0.6717737271478598,
    0.5095318618600938,
    0.09702335160729725,
    0.5951823930682824,
    0.10578022245299756,
    0.15176889606365518
  ],
  "func_direction": "max"
}