{"obj_func_coffs": [0.6956127618469573, 0.4863461326840042, 0.7145561803180951, 0.035220782552586316, 0.6510105634296984, 0.35227768580013796, 0.9354523159996551, 0.32754703722996015, 0.8122325131774462, 0.7579934277259479, 0.6170140875675981, 0.6704836803203086, 0.026987531190186265, 0.303950211204874, 0.146907367274708, 0.3571176663661849, 0.9971334665413492, 0.4359511213715599, 0.9575416682454908, 0.8715259642398278, 0.2484678167911304, 0.44984347762987253, 0.9441830428774974, 0.9917039923256885, 0.13091950307662237], "constraint_system_lhs": [[0.12589203453168696, 0.2616136200820449, 0.1528310687832205, 0.1231173139225592, 0.6732815795347974, 0.8894142464459313, 0.0077073555367072055, 0.3986825163994028, 0.6430815660241995, 0.993961299263336, 0.9014489500707192, 0.15553596988359197, 0.579245695450324, 0.48976507794909707, 0.15413374576709793, 0.5446008625488103, 0.8439015156579049, 0.11923783214623507, 0.5278759804287938, 0.9875320370365261, 0.406895381005288, 0.9419189068357048, 0.5057328828027959, 0.5462605835730001, 0.8213213444679168], [0.15896061305510012, 0.1213179450673112, 0.0033765788703109534, 0.6623337637939083, 0.133010104498123, 0.7058322433887452, 0.4771403254642531, 0.9311506876833822, 0.727881260727921, 0.10043591367324456, 0.9652227582216832, 0.26670630836734943, 0.09602233503836433, 0.22512137782412545, 0.7438827854791771, 0.09724606448122342, 0.667541392689429, 0.6739767719043396, 0.5723280286250502, 0.09176630895540105, 0.022204190055728046, 0.028148396878235227, 0.5794779537857326, 0.16371339228627724, 0.040145007987321346], [0.791750038387357, 0.3343783821480093, 0.9951114917829711, 0.8525599596542678, 0.9122925458895369, 0.28393771953210045, 0.024581089148027147, 0.9365160706921002, 0.052956372951438735, 0.565949715810761, 0.8835885108136513, 0.40615531440373576, 0.6048445385345692, 0.4830889453398828, 0.058192214144750065, 0.925078213681637, 0.9682199798024251, 0.2730868346630604, 0.7478722747042189, 0.3051984588087914, 0.9717124483920873, 0.8425507112999019, 0.08450539175560823, 0.6789388032678595, 0.04281354407261784], [0.19125443994434943, 0.95968422622291, 0.7509389822569698, 0.4721000730352636, 0.9212656184205341, 0.9983090134991052, 0.5016297216433764, 0.5287979374046363, 0.3739973229652397, 0.009026623413692758, 0.7487390179408341, 0.010594123018416446, 0.9767920887853195, 0.9577913409609883, 0.13582972477429422, 0.559132924161799, 0.29034098891485927, 0.736550163222023, 0.9172454526927312, 0.37779006489418365, 0.8003098445676571, 0.4855665236064881, 0.010669518190491334, 0.6441185380220913, 0.1724951713457451], [0.1927384777026544, 0.9841621545446921, 0.6353023881817585, 0.4579953210576678, 0.11236536473057268, 0.7706337527800974, 0.793793764238354, 0.11505314025501623, 0.7213871160239729, 0.19051081502555078, 0.07392410438243158, 0.604046965742496, 0.7063381279093487, 0.17401954056320768, 0.677010020271524, 0.5581964089877763, 0.21453498046584696, 0.5825866190046186, 0.6515881934038082, 0.5076617765127307, 0.9219286622738393, 0.018032424062720875, 0.14927189359720028, 0.22127879408002826, 0.0741675970475203], [0.5936146796396804, 0.19178143997175978, 0.1805225380763693, 0.6535310826884202, 0.16978542812059116, 0.30395460101317706, 0.11711580709013192, 0.6174951714608663, 0.2682166864393668, 0.9417445894635034, 0.4394384285159537, 0.4432885325805167, 0.22617738243536, 0.3680963988160656, 0.30727308501491235, 0.4472880351194486, 0.8974036546920253, 0.037025734604517524, 0.46618437497815746, 0.7626350324419692, 0.7166493871184827, 0.4662776485463963, 0.4378604221290818, 0.5375268949381214, 0.10222453251416719], [0.186043642388371, 0.3073827324292452, 0.41289694958794465, 0.8563563662191799, 0.5541940906790814, 0.6562352885493816, 0.9269028904442957, 0.10681033878571133, 0.7155666594069289, 0.8869460712878541, 0.7592771357081021, 0.6488399294872823, 0.14108022703316936, 0.6998581289308015, 0.7917602838245432, 0.151393055511723, 0.022536456795236193, 0.7493086249993682, 0.14783927051874013, 0.02731231000129819, 0.9901584613250121, 0.7785507638773376, 0.0846608415927983, 0.4904655270176005, 0.321985218407252], [0.5809596519962292, 0.06250600011345353, 0.7409282975359676, 0.845795826049444, 0.13573498095845782, 0.23878030640510417, 0.865698604572489, 0.26792223530205483, 0.4155053484179302, 0.11818269434911166, 0.009788421060999752, 0.401927198047638, 0.6896035319568624, 0.7423109819841662, 0.5382049348892303, 0.38008689004159235, 0.6527071228412974, 0.4984863125398229, 0.07842871898893156, 0.7695068058898913, 0.7389255256301392, 0.5318485317294335, 0.29036611002247914, 0.7993917922346887, 0.41529254444829344], [0.08973606611143292, 0.8194634285297236, 0.8491019091906684, 0.6558252419036003, 0.30334112324622664, 0.375330057340416, 0.3953371507939888, 0.6973757606041261, 0.6120056201954139, 0.914861849293825, 0.7619994567305988, 0.8683055117639776, 0.9049340608989287, 0.06239119759440359, 0.24123599333463286, 0.9658457454062392, 0.33365863549583097, 0.14067019510835232, 0.645712371487989, 0.9778889847835535, 0.08475655756485145, 0.22932450085375267, 0.030856156364807763, 0.782024775464413, 0.9099118650122474], [0.21428700604023299, 0.17435441138340813, 0.8065733427022744, 0.9590536556370574, 0.4015331344370635, 0.7604687631052814, 0.31109029221879003, 0.4322046192810206, 0.4398923162845153, 0.717453830105371, 0.4349553762152597, 0.42713951906996284, 0.8977415374363094, 0.08411869716674525, 0.24151145176694744, 0.7169687566943145, 0.5891773999166298, 0.7355012485424338, 0.9341010791133212, 0.3503821914417946, 0.29361093042463526, 0.8765674711298306, 0.8621519274695697, 0.32916986463327635, 0.7124550477096844], [0.514200236065798, 0.7043712632783208, 0.7415732406934512, 0.8609561402033458, 0.6718883955021359, 0.3188765083188154, 0.14635480986159566, 0.49265033041787776, 0.9756400590665337, 0.3081653846931869, 0.8823257824354641, 0.21779737083187112, 0.4446377952444257, 0.6892607757921149, 0.1521797362619024, 0.41490839762235165, 0.910646624307283, 0.8864933626921265, 0.5499561039685904, 0.600372139254023, 0.47270344648224916, 0.09092221386767096, 0.489015032202905, 0.037647758991527724, 0.7150711409195977], [0.7586624839876749, 0.8048557021543983, 0.1842712281626392, 0.25380955012527817, 0.017180845324137772, 0.6773253118759791, 0.26307966370353586, 0.208774702093531, 0.7584195150114301, 0.9740088193404582, 0.03363065576988955, 0.37082189681317734, 0.021671656610180112, 0.778477886797348, 0.8864481805055039, 0.24623029308876299, 0.8255325325371028, 0.7742475191958578, 0.5743836457953395, 0.9856573357279568, 0.010796757382185773, 0.5651619287875362, 0.05841627916275549, 0.7982003062725405, 0.4738127289638231], [0.7001421128524775, 0.08216140532817717, 0.6518697565524983, 0.8715962595724748, 0.18324832093701304, 0.7799105206763802, 0.10116501009356538, 0.5401942848730512, 0.8655963612885894, 0.15449121528294507, 0.08999885743438929, 0.4035084004594448, 0.7944729064630465, 0.3644036790439936, 0.8001381522544506, 0.6853726335518621, 0.014296301293077018, 0.1616495468902185, 0.3052204402805557, 0.4181368571246593, 0.7226739732359525, 0.179268519446259, 0.8539010431955293, 0.33773869150096936, 0.7757510579838787], [0.6751137724853941, 0.398362609492383, 0.3807141594777791, 0.7832487633062524, 0.9901188456183387, 0.2480820693481176, 0.5881157110611626, 0.33766509881489826, 0.5538964052125013, 0.9252557137078075, 0.6269769402501356, 0.07391779866017856, 0.2712227347261168, 0.41458190047732624, 0.039710282543436004, 0.10725377495584698, 0.46961328867638763, 0.3326455043434453, 0.2866865432180732, 0.3980040095973417, 0.3137017508749492, 0.3920290229421095, 0.349687989065129, 0.7045386384252433, 0.5915793480459808], [0.7232639943851673, 0.7166380959384083, 0.19733946592631424, 0.011676224014231518, 0.1753749355867268, 0.7319320041751963, 0.7165721394450016, 0.49419876484503533, 0.09859238808894133, 0.4175614002940846, 0.8033729432317789, 0.8968493122225949, 0.019054963569351546, 0.7322979906000594, 0.8479136165881084, 