{
  "obj_func_coffs": [
    0.3072997093457783,
    0.3068209299474175,
    0.5084246695003881,
    0.3078512573785912,
    0.4656847913901201
  ],
  "constraint_system_lhs": [
    [
      0.783240539644451,
      0.22454266851513227,
      0.21393910185867204,
      0.3542410516545623,
      0.8308209695523665
    ],
    [
      0.17460347253175668,
      0.9431434363051269,
      0.6173866247730104,
      0.8824980128657689,
      0.9696527914948505
    ],
    [
      0.4510077224923418,
      0.7274467148437523,
      0.878501825979227,
      0.6489766579500763,
      0.25847195129766454
    ],
    [
      0.6439536372351572,
      0.8089719466025728,
      0.4132397806342789,
      0.031539763546223676,
      0.2911388196926715
    ],
    [
      0.9505204095319597,
      0.6044885597654095,
      0.6367516277396628,
      0.17951362805359383,
      0.3102508254344911
    ]
  ],
  "constraint_system_rhs": [
    0.1737024546280771,
    0.7807551043294244,
    0.26624088191191686,
    0.6571986962960087,
    0.0449633618962606
  ],
  "func_direction": "max"
}