{
  "obj_func_coffs": [
    0.49881781856198715,
    0.5824322697186642
  ],
  "constraint_system_lhs": [
    [
      0.3502411027678206,
      0.6172964007208422
    ],
    [
      0.4953940454576842,
      0.09623482241847403
    ]
  ],
  "constraint_system_rhs": [
    0.10615585966264607,
    0.4431065370473358
  ],
  "func_direction": "max"
}