{
  "obj_func_coffs": [
    0.31608179617901133,
    0.6218858309641835
  ],
  "constraint_system_lhs": [
    [
      0.99923221789972,
      0.02487579236824289
    ],
    [
      0.5957664161577004,
      0.9723885928538253
    ]
  ],
  "constraint_system_rhs": [
    0.3996121898684587,
    0.45624788608622124
  ],
  "func_direction": "max"
}